qianyuan	qy	前元	-179	-164	西汉	刘恒（文帝）	万国鼎
houyuan	hy	后元	-163	-157	西汉	刘恒（文帝）	万国鼎
qianyuan	qy	前元	-156	-150	西汉	刘启（景帝）	万国鼎
zhongyuan	zy	中元	-149	-144	西汉	刘启（景帝）	万国鼎
houyuan	hy	后元	-143	-141	西汉	刘启（景帝）	万国鼎
jianyuan	jy	建元	-140	-135	西汉	刘彻（武帝）	万国鼎
yuanguang	yg	元光	-134	-129	西汉	刘彻（武帝）	万国鼎
yuanshuo	ys	元朔	-128	-123	西汉	刘彻（武帝）	万国鼎
yuanshou	ys	元狩	-122	-117	西汉	刘彻（武帝）	万国鼎
yuanding	yd	元鼎	-116	-111	西汉	刘彻（武帝）	万国鼎
yuanfeng	yf	元封	-110	-105	西汉	刘彻（武帝）	万国鼎
taichu	tc	太初	-104	-101	西汉	刘彻（武帝）	万国鼎
tianhan	th	天汉	-100	-97	西汉	刘彻（武帝）	万国鼎
taishi	ts	太始	-96	-93	西汉	刘彻（武帝）	万国鼎
zhenghe	zh	征和	-92	-89	西汉	刘彻（武帝）	万国鼎
houyuan	hy	后元	-88	-87	西汉	刘彻（武帝）	万国鼎
shiyuan	sy	始元	-86	-80	西汉	刘弗陵（昭帝）	万国鼎
yuanfeng	yf	元凤	-80	-75	西汉	刘弗陵（昭帝）	万国鼎
yuanping	yp	元平	-74	-74	西汉	刘弗陵（昭帝）	万国鼎
benshi	bs	本始	-73	-70	西汉	刘询（宣帝）	万国鼎
dijie	dj	地节	-69	-66	西汉	刘询（宣帝）	万国鼎
yuankang	yk	元康	-65	-61	西汉	刘询（宣帝）	万国鼎
shenjue	sj	神爵	-61	-58	西汉	刘询（宣帝）	万国鼎
wufeng	wf	五凤	-57	-54	西汉	刘询（宣帝）	万国鼎
ganlu	gl	甘露	-53	-50	西汉	刘询（宣帝）	万国鼎
huanglong	hl	黄龙	-49	-49	西汉	刘询（宣帝）	万国鼎
chuyuan	cy	初元	-48	-44	西汉	刘奭（元帝）	万国鼎
yongguang	yg	永光	-43	-39	西汉	刘奭（元帝）	万国鼎
jianzhao	jz	建昭	-38	-34	西汉	刘奭（元帝）	万国鼎
jianshi	js	建始	-32	-28	西汉	刘骜（成帝）	万国鼎
heping	hp	河平	-28	-25	西汉	刘骜（成帝）	万国鼎
yangshuo	ys	阳朔	-24	-21	西汉	刘骜（成帝）	万国鼎
hongjia	hj	鸿嘉	-20	-17	西汉	刘骜（成帝）	万国鼎
yongshi	ys	永始	-16	-13	西汉	刘骜（成帝）	万国鼎
yuanyan	yy	元延	-12	-9	西汉	刘骜（成帝）	万国鼎
suihe	sh	绥和	-8	-7	西汉	刘骜（成帝）	万国鼎
jianping	jp	建平	-6	-3	西汉	刘欣（哀帝）	万国鼎
taichuyuanjiang	tcyj	太初元将	-5	-5	西汉	刘欣（哀帝）	万国鼎
yuanshou	ys	元寿	-2	-1	西汉	刘欣（哀帝）	万国鼎
yuanshi	ys	元始	1	5	西汉	刘衎（平帝）	万国鼎
jushe	js	居摄	6	8	西汉	刘婴	万国鼎
chushi	cs	初始	8	8	西汉	刘婴	万国鼎
shijianguo	sjg	始建国	9	13	新	王莽	万国鼎
tianfeng	tf	天凤	14	19	新	王莽	万国鼎
dihuang	dh	地皇	20	23	新	王莽	万国鼎
gengshi	gs	更始	23	25	更始	刘玄	万国鼎
jianwu	jw	建武	25	56	东汉	刘秀（光武帝）	万国鼎
jianwuzhongyuan	jwzy	建武中元	56	57	东汉	刘秀（光武帝）	万国鼎
yongping	yp	永平	58	75	东汉	刘庄（明帝）	万国鼎
jianchu	jc	建初	76	84	东汉	刘炟（章帝）	万国鼎
yuanhe	yh	元和	84	87	东汉	刘炟（章帝）	万国鼎
zhanghe	zh	章和	87	88	东汉	刘炟（章帝）	万国鼎
yongyuan	yy	永元	89	105	东汉	刘肇（和帝）	万国鼎
yuanxing	yx	元兴	105	105	东汉	刘肇（和帝）	万国鼎
yanping	yp	延平	106	106	东汉	刘隆（殇帝）	万国鼎
yongchu	yc	永初	107	113	东汉	刘祜（安帝）	万国鼎
yuanchu	yc	元初	114	120	东汉	刘祜（安帝）	万国鼎
yongning	yn	永宁	120	121	东汉	刘祜（安帝）	万国鼎
jianguang	jg	建光	121	122	东汉	刘祜（安帝）	万国鼎
yanguang	yg	延光	122	125	东汉	刘祜（安帝）	万国鼎
yongjian	yj	永建	126	132	东汉	刘保（顺帝）	万国鼎
yangjia	yj	阳嘉	132	135	东汉	刘保（顺帝）	万国鼎
yonghe	yh	永和	136	141	东汉	刘保（顺帝）	万国鼎
hanan	ha	汉安	142	144	东汉	刘保（顺帝）	万国鼎
jiankang	jk	建康	144	144	东汉	刘保（顺帝）	万国鼎
yongjia	yj	永嘉	145	145	东汉	刘炳（冲帝）	万国鼎
benchu	bc	本初	146	146	东汉	刘缵（质帝）	万国鼎
jianhe	jh	建和	147	149	东汉	刘志（桓帝）	万国鼎
heping	hp	和平	150	150	东汉	刘志（桓帝）	万国鼎
yuanjia	yj	元嘉	151	153	东汉	刘志（桓帝）	万国鼎
yongxing	yx	永兴	153	154	东汉	刘志（桓帝）	万国鼎
yongshou	ys	永寿	155	158	东汉	刘志（桓帝）	万国鼎
yanxi	yx	延熹	158	167	东汉	刘志（桓帝）	万国鼎
yongkang	yk	永康	167	167	东汉	刘志（桓帝）	万国鼎
jianning	jn	建宁	168	172	东汉	刘宏（灵帝）	万国鼎
xiping	xp	熹平	172	178	东汉	刘宏（灵帝）	万国鼎
guanghe	gh	光和	178	184	东汉	刘宏（灵帝）	万国鼎
zhongping	zp	中平	184	189	东汉	刘宏（灵帝）	万国鼎
guangxi	gx	光熹	189	189	东汉	刘辩（少帝）	万国鼎
zhaoning	zn	昭宁	189	189	东汉	刘辩（少帝）	万国鼎
yonghan	yh	永汉	189	189	东汉	刘协（献帝）	万国鼎
chuping	cp	初平	190	193	东汉	刘协（献帝）	万国鼎
xingping	xp	兴平	194	195	东汉	刘协（献帝）	万国鼎
jianan	ja	建安	196	220	东汉	刘协（献帝）	万国鼎
yankang	yk	延康	220	220	东汉	刘协（献帝）	万国鼎
huangchu	hc	黄初	220	226	曹魏	曹丕（文帝）	万国鼎
taihe	th	太和	227	233	曹魏	曹叡（明帝）	万国鼎
qinglong	ql	青龙	233	237	曹魏	曹叡（明帝）	万国鼎
jingchu	jc	景初	237	239	曹魏	曹叡（明帝）	万国鼎
zhengshi	zs	正始	240	249	曹魏	曹芳（邵陵厉公）	万国鼎
jiaping	jp	嘉平	249	254	曹魏	曹芳（邵陵厉公）	万国鼎
zhengyuan	zy	正元	254	256	曹魏	曹髦	万国鼎
ganlu	gl	甘露	256	260	曹魏	曹髦	万国鼎
jingyuan	jy	景元	260	264	曹魏	曹奂（元帝）	万国鼎
xianxi	xx	咸熙	264	265	曹魏	曹奂（元帝）	万国鼎
zhangwu	zw	章武	221	223	蜀汉	刘备（昭烈帝）	万国鼎
jianxing	jx	建兴	223	237	蜀汉	刘禅（后主）	万国鼎
yanxi	yx	延熙	238	257	蜀汉	刘禅（后主）	万国鼎
jingyao	jy	景耀	258	263	蜀汉	刘禅（后主）	万国鼎
yanxing	yx	炎兴	263	263	蜀汉	刘禅（后主）	万国鼎
huangwu	hw	黄武	222	229	孙吴	孙权（大帝）	万国鼎
huanglong	hl	黄龙	229	231	孙吴	孙权（大帝）	万国鼎
jiahe	jh	嘉禾	232	238	孙吴	孙权（大帝）	万国鼎
chiwu	cw	赤乌	238	251	孙吴	孙权（大帝）	万国鼎
taiyuan	ty	太元	251	252	孙吴	孙权（大帝）	万国鼎
shenfeng	sf	神凤	252	252	孙吴	孙权（大帝）	万国鼎
jianxing	jx	建兴	252	253	孙吴	孙亮	万国鼎
wufeng	wf	五凤	254	256	孙吴	孙亮	万国鼎
taiping	tp	太平	256	258	孙吴	孙亮	万国鼎
yongan	ya	永安	258	264	孙吴	孙休（景帝）	万国鼎
yuanxing	yx	元兴	264	265	孙吴	孙皓	万国鼎
ganlu	gl	甘露	265	266	孙吴	孙皓	万国鼎
baoding	bd	宝鼎	266	269	孙吴	孙皓	万国鼎
jianheng	jh	建衡	269	271	孙吴	孙皓	万国鼎
fenghuang	fh	凤凰	272	274	孙吴	孙皓	万国鼎
tiance	tc	天册	275	276	孙吴	孙皓	万国鼎
tianxi	tx	天玺	276	276	孙吴	孙皓	万国鼎
tianji	tj	天纪	277	280	孙吴	孙皓	万国鼎
taishi	ts	泰始	265	274	西晋	司马炎（武帝）	万国鼎
xianning	xn	咸宁	275	280	西晋	司马炎（武帝）	万国鼎
taikang	tk	太康	280	289	西晋	司马炎（武帝）	万国鼎
taixi	tx	太熙	290	290	西晋	司马炎（武帝）	万国鼎
yongxi	yx	永熙	290	290	西晋	司马衷（惠帝）	万国鼎
yongping	yp	永平	291	291	西晋	司马衷（惠帝）	万国鼎
yuankang	yk	元康	291	299	西晋	司马衷（惠帝）	万国鼎
yongkang	yk	永康	300	301	西晋	司马衷（惠帝）	万国鼎
yongning	yn	永宁	301	302	西晋	司马衷（惠帝）	万国鼎
taian	ta	太安	302	303	西晋	司马衷（惠帝）	万国鼎
yongan	ya	永安	304	304	西晋	司马衷（惠帝）	万国鼎
jianwu	jw	建武	304	304	西晋	司马衷（惠帝）	万国鼎
yongxing	yx	永兴	304	306	西晋	司马衷（惠帝）	万国鼎
guangxi	gx	光熙	306	306	西晋	司马衷（惠帝）	万国鼎
yongjia	yj	永嘉	307	313	西晋	司马炽（怀帝）	万国鼎
jianxing	jx	建兴	313	317	西晋	司马邺（愍帝）	万国鼎
jianwu	jw	建武	317	318	东晋	司马睿（元帝）	万国鼎
daxing	dx	大兴	318	321	东晋	司马睿（元帝）	万国鼎
yongchang	yc	永昌	322	323	东晋	司马睿（元帝）	万国鼎
taining	tn	太宁	323	326	东晋	司马绍（明帝）	万国鼎
xianhe	xh	咸和	326	334	东晋	司马衍（成帝）	万国鼎
xiankang	xk	咸康	335	342	东晋	司马衍（成帝）	万国鼎
jianyuan	jy	建元	343	344	东晋	司马岳（康帝）	万国鼎
yonghe	yh	永和	345	356	东晋	司马聃（穆帝）	万国鼎
shengping	sp	升平	357	361	东晋	司马聃（穆帝）	万国鼎
longhe	lh	隆和	362	363	东晋	司马丕（哀帝）	万国鼎
xingning	xn	兴宁	363	365	东晋	司马丕（哀帝）	万国鼎
taihe	th	太和	366	371	东晋	司马奕（废帝）	万国鼎
xianan	xa	咸安	371	372	东晋	司马昱（简文帝）	万国鼎
ningkang	nk	宁康	373	375	东晋	司马曜（孝武帝）	万国鼎
taiyuan	ty	太元	376	396	东晋	司马曜（孝武帝）	万国鼎
longan	la	隆安	397	401	东晋	司马德宗（安帝）	万国鼎
yuanxing	yx	元兴	402	404	东晋	司马德宗（安帝）	万国鼎
daheng	dh	大亨	402	402	东晋	司马德宗（安帝）	万国鼎
yixi	yx	义熙	405	418	东晋	司马德宗（安帝）	万国鼎
yuanxi	yx	元熙	419	420	东晋	司马德文（恭帝）	万国鼎
baique	bq	白雀	384	386	后秦	姚苌（武昭帝）	万国鼎
jianchu	jc	建初	386	394	后秦	姚苌（武昭帝）	万国鼎
huangchu	hc	皇初	394	399	后秦	姚兴（文桓帝）	万国鼎
hongshi	hs	弘始	399	416	后秦	姚兴（文桓帝）	万国鼎
yonghe	yh	永和	416	417	后秦	姚泓	万国鼎
shenxi	sx	神玺	397	399	北凉	段业	万国鼎
tianxi	tx	天玺	399	401	北凉	段业	万国鼎
yongan	ya	永安	401	412	北凉	沮渠蒙逊	万国鼎
xuanshi	xs	玄始	412	428	北凉	沮渠蒙逊	万国鼎
chengxuan	cx	承玄	428	431	北凉	沮渠蒙逊	万国鼎
yihe	yh	义和	431	433	北凉	沮渠蒙逊	万国鼎
chenghe	ch	承和	433	439	北凉	沮渠牧犍	万国鼎
dengguo	dg	登国	386	396	北魏	拓跋珪（道武帝）	万国鼎
huangshi	hs	皇始	396	398	北魏	拓跋珪（道武帝）	万国鼎
tianxing	tx	天兴	398	404	北魏	拓跋珪（道武帝）	万国鼎
tianci	tc	天赐	404	409	北魏	拓跋珪（道武帝）	万国鼎
yongxing	yx	永兴	409	413	北魏	拓跋嗣（明元帝）	万国鼎
shenrui	sr	神瑞	414	416	北魏	拓跋嗣（明元帝）	万国鼎
taichang	tc	泰常	416	423	北魏	拓跋嗣（明元帝）	万国鼎
shiguang	sg	始光	424	428	北魏	拓跋焘（太武帝）	万国鼎
shenjia	sj	神䴥	428	431	北魏	拓跋焘（太武帝）	万国鼎
yanhe	yh	延和	432	434	北魏	拓跋焘（太武帝）	万国鼎
taiyan	ty	太延	435	440	北魏	拓跋焘（太武帝）	万国鼎
taipingzhenjun	tpzj	太平真君	440	451	北魏	拓跋焘（太武帝）	万国鼎
zhengping	zp	正平	451	452	北魏	拓跋焘（太武帝）	万国鼎
chengping	cp	承平	452	452	北魏	拓跋余	万国鼎
xingan	xa	兴安	452	454	北魏	拓跋濬（文成帝）	万国鼎
xingguang	xg	兴光	454	455	北魏	拓跋濬（文成帝）	万国鼎
taian	ta	太安	455	459	北魏	拓跋濬（文成帝）	万国鼎
heping	hp	和平	460	465	北魏	拓跋濬（文成帝）	万国鼎
tianan	ta	天安	466	467	北魏	拓跋弘（献文帝）	万国鼎
huangxing	hx	皇兴	467	471	北魏	拓跋弘（献文帝）	万国鼎
yanxing	yx	延兴	471	476	北魏	拓跋宏/元宏（孝文帝）	万国鼎
chengming	cm	承明	476	476	北魏	拓跋宏/元宏（孝文帝）	万国鼎
taihe	th	太和	477	499	北魏	拓跋宏/元宏（孝文帝）	万国鼎
jingming	jm	景明	500	503	北魏	元恪（宣武帝）	万国鼎
zhengshi	zs	正始	504	508	北魏	元恪（宣武帝）	万国鼎
yongping	yp	永平	508	512	北魏	元恪（宣武帝）	万国鼎
yanchang	yc	延昌	512	515	北魏	元恪（宣武帝）	万国鼎
xiping	xp	熙平	516	518	北魏	元诩（孝明帝）	万国鼎
shengui	sg	神龟	518	520	北魏	元诩（孝明帝）	万国鼎
zhengguang	zg	正光	520	525	北魏	元诩（孝明帝）	万国鼎
xiaochang	xc	孝昌	525	527	北魏	元诩（孝明帝）	万国鼎
wutai	wt	武泰	528	528	北魏	元诩（孝明帝）	万国鼎
jianyi	jy	建义	528	528	北魏	元子攸（孝庄帝）	万国鼎
yongan	ya	永安	528	530	北魏	元子攸（孝庄帝）	万国鼎
jianming	jm	建明	530	531	北魏	元晔	万国鼎
putai	pt	普泰	531	531	北魏	元恭（节闵帝）	万国鼎
zhongxing	zx	中兴	531	532	北魏	元朗	万国鼎
taichang	tc	太昌	532	532	北魏	元修（孝武帝）	万国鼎
yongxing	yx	永兴	532	532	北魏	元修（孝武帝）	万国鼎
yongxi	yx	永熙	532	534	北魏	元修（孝武帝）	万国鼎
tianping	tp	天平	534	537	东魏	元善见（孝静帝）	万国鼎
yuanxiang	yx	元象	538	539	东魏	元善见（孝静帝）	万国鼎
xinghe	xh	兴和	539	542	东魏	元善见（孝静帝）	万国鼎
wuding	wd	武定	543	550	东魏	元善见（孝静帝）	万国鼎
tianbao	tb	天保	550	559	北齐	高洋（文宣帝）	万国鼎
qianming	qm	乾明	560	560	北齐	高殷	万国鼎
huangjian	hj	皇建	560	561	北齐	高演（孝昭帝）	万国鼎
taining	tn	太宁	561	562	北齐	高湛（武成帝）	万国鼎
heqing	hq	河清	562	565	北齐	高湛（武成帝）	万国鼎
tiantong	tt	天统	565	569	北齐	高纬	万国鼎
wuping	wp	武平	570	576	北齐	高纬	万国鼎
longhua	lh	隆化	576	576	北齐	高纬	万国鼎
chengguang	cg	承光	577	577	北齐	高恒	万国鼎
datong	dt	大统	535	551	西魏	元宝炬（文帝）	万国鼎
wucheng	wc	武成	559	560	北周	宇文毓（明帝）	万国鼎
baoding	bd	保定	561	565	北周	宇文邕（武帝）	万国鼎
tianhe	th	天和	566	572	北周	宇文邕（武帝）	万国鼎
jiande	jd	建德	572	578	北周	宇文邕（武帝）	万国鼎
xuanzheng	xz	宣政	578	578	北周	宇文邕（武帝）	万国鼎
dacheng	dc	大成	579	579	北周	宇文赟（宣帝）	万国鼎
daxiang	dx	大象	579	580	北周	宇文衍/宇文阐（静帝）	万国鼎
dading	dd	大定	581	581	北周	宇文衍/宇文阐（静帝）	万国鼎
yongchu	yc	永初	420	422	南朝宋	刘裕（武帝）	万国鼎
jingping	jp	景平	423	424	南朝宋	刘义符（少帝）	万国鼎
yuanjia	yj	元嘉	424	453	南朝宋	刘义隆（文帝）	万国鼎
xiaojian	xj	孝建	454	456	南朝宋	刘骏（孝武帝）	万国鼎
daming	dm	大明	457	464	南朝宋	刘骏（孝武帝）	万国鼎
yongguang	yg	永光	465	465	南朝宋	刘子业（废帝）	万国鼎
jinghe	jh	景和	465	465	南朝宋	刘子业（废帝）	万国鼎
taishi	ts	泰始	465	471	南朝宋	刘彧（明帝）	万国鼎
taiyu	ty	泰豫	472	472	南朝宋	刘彧（明帝）	万国鼎
yuanhui	yh	元徽	473	477	南朝宋	刘昱（后废帝）	万国鼎
shengming	sm	升明	477	479	南朝宋	刘准（顺帝）	万国鼎
jianyuan	jy	建元	479	482	南齐	萧道成（高帝）	万国鼎
yongming	ym	永明	483	493	南齐	萧赜（武帝）	万国鼎
longchang	lc	隆昌	494	494	南齐	萧昭业	万国鼎
yanxing	yx	延兴	494	494	南齐	萧昭文	万国鼎
jianwu	jw	建武	494	498	南齐	萧鸾(明帝)	万国鼎
yongtai	yt	永泰	498	498	南齐	萧鸾(明帝)	万国鼎
yongyuan	yy	永元	499	501	南齐	萧宝卷	万国鼎
zhongxing	zx	中兴	501	502	南齐	萧宝融	万国鼎
tianjian	tj	天监	502	519	南梁	萧衍（武帝）	万国鼎
putong	pt	普通	520	527	南梁	萧衍（武帝）	万国鼎
datong	dt	大通	527	529	南梁	萧衍（武帝）	万国鼎
zhongdatong	zdt	中大通	529	534	南梁	萧衍（武帝）	万国鼎
datong	dt	大同	535	546	南梁	萧衍（武帝）	万国鼎
zhongdatong	zdt	中大同	546	547	南梁	萧衍（武帝）	万国鼎
taiqing	tq	太清	547	549	南梁	萧衍（武帝）	万国鼎
dabao	db	大宝	550	551	南梁	萧纲（简文帝）	万国鼎
tianzheng	tz	天正	551	551	南梁	萧栋	万国鼎
chengsheng	cs	承圣	552	555	南梁	萧绎(元帝)	万国鼎
tiancheng	tc	天成	555	555	南梁	萧渊明(闵帝)	万国鼎
shaotai	st	绍泰	555	556	南梁	萧方智(敬帝)	万国鼎
taiping	tp	太平	556	557	南梁	萧方智(敬帝)	万国鼎
yongding	yd	永定	557	559	陈	陈霸先（武帝）	万国鼎
tianjia	tj	天嘉	560	566	陈	陈蒨（文帝）	万国鼎
tiankang	tk	天康	566	566	陈	陈蒨（文帝）	万国鼎
guangda	gd	光大	567	568	陈	陈伯宗	万国鼎
taijian	tj	太建	569	582	陈	陈顼(宣帝)	万国鼎
zhide	zd	至德	583	586	陈	陈叔宝(后主)	万国鼎
zhenming	zm	祯明	587	589	陈	陈叔宝(后主)	万国鼎
kaihuang	kh	开皇	581	600	隋	杨坚（文帝）	万国鼎
renshou	rs	仁寿	601	604	隋	杨坚（文帝）	万国鼎
daye	dy	大业	605	618	隋	杨广(炀帝)	万国鼎
yining	yn	义宁	617	618	隋	杨侑(恭帝)	万国鼎
wude	wd	武德	618	626	唐	李渊（高祖）	万国鼎
zhenguan	zg	贞观	627	649	唐	李世民（太宗）	万国鼎
yonghui	yh	永徽	650	655	唐	李治（高宗）	万国鼎
xianqing	xq	显庆	656	661	唐	李治（高宗）	万国鼎
longshuo	ls	龙朔	661	663	唐	李治（高宗）	万国鼎
linde	ld	麟德	664	665	唐	李治（高宗）	万国鼎
qianfeng	qf	乾封	666	668	唐	李治（高宗）	万国鼎
zongzhang	zz	总章	668	670	唐	李治（高宗）	万国鼎
xianheng	xh	咸亨	670	674	唐	李治（高宗）	万国鼎
shangyuan	sy	上元	674	676	唐	李治（高宗）	万国鼎
yifeng	yf	仪凤	676	679	唐	李治（高宗）	万国鼎
diaolu	dl	调露	679	680	唐	李治（高宗）	万国鼎
yonglong	yl	永隆	680	681	唐	李治（高宗）	万国鼎
kaiyao	ky	开耀	681	682	唐	李治（高宗）	万国鼎
yongchun	yc	永淳	682	683	唐	李治（高宗）	万国鼎
hongdao	hd	弘道	683	683	唐	李治（高宗）	万国鼎
sisheng	ss	嗣圣	684	684	唐	李显（中宗）	万国鼎
wenming	wm	文明	684	684	唐	李旦（睿宗）	万国鼎
guangzhai	gz	光宅	684	684	唐	李旦（睿宗）	万国鼎
chuigong	cg	垂拱	685	688	唐	李旦（睿宗）	万国鼎
yongchang	yc	永昌	689	689	唐	李旦（睿宗）	万国鼎
zaichu	zc	载初	689	690	唐	李旦（睿宗）	万国鼎
tianshou	ts	天授	690	692	武周	武曌	万国鼎
ruyi	ry	如意	692	692	武周	武曌	万国鼎
changshou	cs	长寿	692	694	武周	武曌	万国鼎
yanzai	yz	延载	694	695	武周	武曌	万国鼎
zhengsheng	zs	证圣	695	695	武周	武曌	万国鼎
tiancewansui	tcws	天册万岁	695	696	武周	武曌	万国鼎
wansuidengfeng	wsdf	万岁登封	696	696	武周	武曌	万国鼎
wansuitongtian	wstt	万岁通天	696	697	武周	武曌	万国鼎
shengong	sg	神功	697	698	武周	武曌	万国鼎
shengli	sl	圣历	698	700	武周	武曌	万国鼎
dazu	dz	大足	701	701	武周	武曌	万国鼎
changan	ca	长安	701	704	武周	武曌	万国鼎
shenlong	sl	神龙	705	705	武周	武曌	万国鼎
shenlong	sl	神龙	705	707	唐	李显（中宗）	万国鼎
jinglong	jl	景龙	707	710	唐	李显（中宗）	万国鼎
tanglong	tl	唐隆	710	710	唐	李重茂（殇帝）	万国鼎
jingyun	jy	景云	710	711	唐	李旦（睿宗）	万国鼎
taiji	tj	太极	712	712	唐	李旦（睿宗）	万国鼎
yanhe	yh	延和	712	712	唐	李旦（睿宗）	万国鼎
xiantian	xt	先天	712	713	唐	李隆基（玄宗）	万国鼎
kaiyuan	ky	开元	713	741	唐	李隆基（玄宗）	万国鼎
tianbao	tb	天宝	742	756	唐	李隆基（玄宗）	万国鼎
zhide	zd	至德	756	758	唐	李亨（肃宗）	万国鼎
qianyuan	qy	乾元	758	760	唐	李亨（肃宗）	万国鼎
shangyuan	sy	上元	760	762	唐	李亨（肃宗）	万国鼎
baoying	by	宝应	762	763	唐	李亨（肃宗）	万国鼎
guangde	gd	广德	763	764	唐	李豫（代宗）	万国鼎
yongtai	yt	永泰	765	766	唐	李豫（代宗）	万国鼎
dali	dl	大历	766	779	唐	李豫（代宗）	万国鼎
jianzhong	jz	建中	780	783	唐	李适（德宗）	万国鼎
xingyuan	xy	兴元	784	784	唐	李适（德宗）	万国鼎
zhenyuan	zy	贞元	785	805	唐	李适（德宗）	万国鼎
yongzhen	yz	永贞	805	805	唐	李诵（顺宗）	万国鼎
yuanhe	yh	元和	806	820	唐	李纯(宪宗)	万国鼎
zhangqing	zq	长庆	821	824	唐	李恒(穆宗)	万国鼎
baoli	bl	宝历	825	827	唐	李湛(敬宗)	万国鼎
dahe	dh	大和	827	835	唐	李昂(文宗)	万国鼎
kaicheng	kc	开成	836	840	唐	李昂(文宗)	万国鼎
huichang	hc	会昌	841	846	唐	李瀍(武宗)	万国鼎
dazhong	dz	大中	847	860	唐	李忱(宣宗)	万国鼎
xiantong	xt	咸通	860	874	唐	李漼(懿宗)	万国鼎
qianfu	qf	乾符	874	879	唐	李儇(僖宗)	万国鼎
guangming	gm	广明	880	881	唐	李儇(僖宗)	万国鼎
zhonghe	zh	中和	881	885	唐	李儇(僖宗)	万国鼎
guangqi	gq	光启	885	888	唐	李儇(僖宗)	万国鼎
wende	wd	文德	888	888	唐	李儇(僖宗)	万国鼎
longji	lj	龙纪	889	889	唐	李晔(昭宗)	万国鼎
dashun	ds	大顺	890	891	唐	李晔(昭宗)	万国鼎
jingfu	jf	景福	892	893	唐	李晔(昭宗)	万国鼎
qianning	qn	乾宁	894	898	唐	李晔(昭宗)	万国鼎
guanghua	gh	光化	898	901	唐	李晔(昭宗)	万国鼎
tianfu	tf	天复	901	904	唐	李晔(昭宗)	万国鼎
tianyou	ty	天祐	904	907	唐	李晔(昭宗)	万国鼎
kaiping	kp	开平	907	911	后梁	朱温(太祖)	万国鼎
qianhua	qh	乾化	911	915	后梁	朱温(太祖)	万国鼎
fengli	fl	凤历	913	913	后梁	朱友珪	万国鼎
zhenming	zm	贞明	915	921	后梁	朱友贞(末帝)	万国鼎
longde	ld	龙德	921	923	后梁	朱友贞(末帝)	万国鼎
tongguang	tg	同光	923	926	后唐	李存勗(庄宗)	万国鼎
tiancheng	tc	天成	926	930	后唐	李嗣源(明宗)	万国鼎
changxing	cx	长兴	930	933	后唐	李嗣源(明宗)	万国鼎
yingshun	ys	应顺	934	934	后唐	李从厚(闵帝)	万国鼎
qingtai	qt	清泰	934	936	后唐	李从珂	万国鼎
tianfu	tf	天福	936	947	后晋	石敬瑭(高祖)	万国鼎
kaiyun	ky	开运	944	946	后晋	石重贵(出帝)	万国鼎
qianyou	qy	乾祐	948	950	后汉	刘知远(高祖)	万国鼎
guangshun	gs	广顺	951	953	后周	郭威(太祖)	万国鼎
xiande	xd	显德	954	960	后周	郭威(太祖)	万国鼎
jianlong	jl	建隆	960	963	北宋	赵匡胤(太祖)	万国鼎
qiande	qd	乾德	963	968	北宋	赵匡胤(太祖)	万国鼎
kaibao	kb	开宝	968	976	北宋	赵匡胤(太祖)	万国鼎
taipingxingguo	tpxg	太平兴国	976	984	北宋	赵光义(太宗)	万国鼎
yongxi	yx	雍熙	984	987	北宋	赵光义(太宗)	万国鼎
duangong	dg	端拱	988	989	北宋	赵光义(太宗)	万国鼎
chunhua	ch	淳化	990	994	北宋	赵光义(太宗)	万国鼎
zhidao	zd	至道	995	997	北宋	赵光义(太宗)	万国鼎
xianping	xp	咸平	998	1003	北宋	赵恒(真宗)	万国鼎
jingde	jd	景德	1004	1007	北宋	赵恒(真宗)	万国鼎
dazhongxiangfu	dzxf	大中祥符	1008	1016	北宋	赵恒(真宗)	万国鼎
tianxi	tx	天禧	1017	1021	北宋	赵恒(真宗)	万国鼎
qianxing	qx	乾兴	1022	1022	北宋	赵恒(真宗)	万国鼎
tiansheng	ts	天圣	1023	1032	北宋	赵祯(仁宗)	万国鼎
mingdao	md	明道	1032	1033	北宋	赵祯(仁宗)	万国鼎
jingyou	jy	景祐	1034	1038	北宋	赵祯(仁宗)	万国鼎
baoyuan	by	宝元	1038	1040	北宋	赵祯(仁宗)	万国鼎
kangding	kd	康定	1040	1041	北宋	赵祯(仁宗)	万国鼎
qingli	ql	庆历	1041	1048	北宋	赵祯(仁宗)	万国鼎
huangyou	hy	皇祐	1049	1054	北宋	赵祯(仁宗)	万国鼎
zhihe	zh	至和	1054	1056	北宋	赵祯(仁宗)	万国鼎
jiayou	jy	嘉祐	1056	1063	北宋	赵祯(仁宗)	万国鼎
zhiping	zp	治平	1064	1067	北宋	赵曙(英宗)	万国鼎
xining	xn	熙宁	1068	1077	北宋	赵顼(神宗)	万国鼎
yuanfeng	yf	元丰	1078	1085	北宋	赵顼(神宗)	万国鼎
yuanyou	yy	元祐	1086	1094	北宋	赵煦(哲宗)	万国鼎
shaosheng	ss	绍圣	1094	1098	北宋	赵煦(哲宗)	万国鼎
yuanfu	yf	元符	1098	1100	北宋	赵煦(哲宗)	万国鼎
jianzhongjingguo	jzjg	建中靖国	1101	1101	北宋	赵佶(徽宗)	万国鼎
chongning	cn	崇宁	1102	1106	北宋	赵佶(徽宗)	万国鼎
daguan	dg	大观	1107	1110	北宋	赵佶(徽宗)	万国鼎
zhenghe	zh	政和	1111	1118	北宋	赵佶(徽宗)	万国鼎
zhonghe	zh	重和	1118	1119	北宋	赵佶(徽宗)	万国鼎
xuanhe	xh	宣和	1119	1125	北宋	赵佶(徽宗)	万国鼎
jingkang	jk	靖康	1126	1127	北宋	赵桓(钦宗)	万国鼎
jianyan	jy	建炎	1127	1130	南宋	赵构(高宗)	万国鼎
shaoxing	sx	绍兴	1131	1162	南宋	赵构(高宗)	万国鼎
longxing	lx	隆兴	1163	1164	南宋	赵眘(孝宗)	万国鼎
qiandao	qd	乾道	1165	1173	南宋	赵眘(孝宗)	万国鼎
chunxi	cx	淳熙	1174	1189	南宋	赵眘(孝宗)	万国鼎
shaoxi	sx	绍熙	1190	1194	南宋	赵惇(光宗)	万国鼎
qingyuan	qy	庆元	1195	1200	南宋	赵扩(宁宗)	万国鼎
jiatai	jt	嘉泰	1201	1204	南宋	赵扩(宁宗)	万国鼎
kaixi	kx	开禧	1205	1207	南宋	赵扩(宁宗)	万国鼎
jiading	jd	嘉定	1208	1224	南宋	赵扩(宁宗)	万国鼎
baoqing	bq	宝庆	1225	1227	南宋	赵昀(理宗)	万国鼎
shaoding	sd	绍定	1228	1233	南宋	赵昀(理宗)	万国鼎
duanping	dp	端平	1234	1236	南宋	赵昀(理宗)	万国鼎
jiaxi	jx	嘉熙	1237	1240	南宋	赵昀(理宗)	万国鼎
chunyou	cy	淳祐	1241	1252	南宋	赵昀(理宗)	万国鼎
baoyou	by	宝祐	1253	1258	南宋	赵昀(理宗)	万国鼎
kaiqing	kq	开庆	1259	1259	南宋	赵昀(理宗)	万国鼎
jingding	jd	景定	1260	1264	南宋	赵昀(理宗)	万国鼎
xianchun	xc	咸淳	1265	1274	南宋	赵禥(度宗)	万国鼎
deyou	dy	德祐	1275	1276	南宋	赵㬎(恭帝)	万国鼎
jingyan	jy	景炎	1276	1278	南宋	赵昰(端宗)	万国鼎
xiangxing	xx	祥兴	1278	1279	南宋	赵昺(帝昺)	万国鼎
shence	sc	神册	916	922	辽	耶律阿保机(太祖)	万国鼎
tianzan	tz	天赞	922	926	辽	耶律阿保机(太祖)	万国鼎
tianxian	tx	天显	926	938	辽	耶律阿保机(太祖)	万国鼎
huitong	ht	会同	938	947	辽	耶律德光/尧骨(太宗)	万国鼎
datong	dt	大同	947	947	辽	耶律德光/尧骨(太宗)	万国鼎
tianlu	tl	天禄	947	951	辽	耶律阮/兀欲(世宗)	万国鼎
yingli	yl	应历	951	969	辽	耶律璟/述律(穆宗)	万国鼎
baoning	bn	保宁	969	979	辽	耶律贤(景宗)	万国鼎
qianheng	qh	乾亨	979	983	辽	耶律贤(景宗)	万国鼎
tonghe	th	统和	983	1012	辽	耶律隆绪(圣宗)	万国鼎
kaitai	kt	开泰	1012	1021	辽	耶律隆绪(圣宗)	万国鼎
taiping	tp	太平	1021	1031	辽	耶律隆绪(圣宗)	万国鼎
jingfu	jf	景福	1031	1032	辽	耶律宗真(兴宗)	万国鼎
zhongxi	zx	重熙	1032	1055	辽	耶律宗真(兴宗)	万国鼎
qingning	qn	清宁	1055	1064	辽	耶律洪基(道宗)	万国鼎
xianyong	xy	咸雍	1065	1074	辽	耶律洪基(道宗)	万国鼎
dakang	dk	大康	1075	1084	辽	耶律洪基(道宗)	万国鼎
daan	da	大安	1085	1094	辽	耶律洪基(道宗)	万国鼎
shouchang	sc	寿昌	1095	1101	辽	耶律洪基(道宗)	万国鼎
qiantong	qt	乾统	1101	1110	辽	耶律延禧(天祚帝)	万国鼎
tianqing	tq	天庆	1111	1120	辽	耶律延禧(天祚帝)	万国鼎
baoda	bd	保大	1121	1125	辽	耶律延禧(天祚帝)	万国鼎
shouguo	sg	收国	1115	1116	金	完颜阿骨打(太祖)	万国鼎
tianfu	tf	天辅	1117	1123	金	完颜阿骨打(太祖)	万国鼎
tianhui	th	天会	1123	1137	金	完颜吴乞买/晟(太宗)	万国鼎
tianjuan	tj	天眷	1138	1140	金	完颜合剌/亶(熙宗)	万国鼎
huangtong	ht	皇统	1141	1149	金	完颜合剌/亶(熙宗)	万国鼎
tiande	td	天德	1149	1153	金	完颜亮	万国鼎
zhenyuan	zy	贞元	1153	1156	金	完颜亮	万国鼎
zhenglong	zl	正隆	1156	1161	金	完颜亮	万国鼎
dading	dd	大定	1161	1189	金	完颜雍(世宗)	万国鼎
mingchang	mc	明昌	1190	1196	金	完颜璟(章宗)	万国鼎
chengan	ca	承安	1196	1200	金	完颜璟(章宗)	万国鼎
taihe	th	泰和	1201	1208	金	完颜璟(章宗)	万国鼎
daan	da	大安	1209	1211	金	完颜永济	万国鼎
chongqing	cq	崇庆	1212	1213	金	完颜永济	万国鼎
zhining	zn	至宁	1213	1213	金	完颜永济	万国鼎
zhenyou	zy	贞祐	1213	1217	金	完颜珣(宣宗)	万国鼎
xingding	xd	兴定	1217	1222	金	完颜珣(宣宗)	万国鼎
yuanguang	yg	元光	1222	1223	金	完颜珣(宣宗)	万国鼎
zhengda	zd	正大	1224	1231	金	完颜守绪(哀宗)	万国鼎
kaixing	kx	开兴	1232	1232	金	完颜守绪(哀宗)	万国鼎
tianxing	tx	天兴	1232	1234	金	完颜守绪(哀宗)	万国鼎
zhongtong	zt	中统	1260	1264	元	忽必烈(世祖)	万国鼎
zhiyuan	zy	至元	1264	1294	元	忽必烈(世祖)	万国鼎
yuanzhen	yz	元贞	1295	1297	元	铁木耳(成宗)	万国鼎
dade	dd	大德	1297	1307	元	铁木耳(成宗)	万国鼎
zhida	zd	至大	1308	1311	元	海山(武宗)	万国鼎
huangqing	hq	皇庆	1312	1313	元	爱育黎拔力八达(仁宗)	万国鼎
yanyou	yy	延祐	1314	1320	元	爱育黎拔力八达(仁宗)	万国鼎
zhizhi	zz	至治	1321	1323	元	硕德八剌(英宗)	万国鼎
taiding	td	泰定	1324	1328	元	也孙铁木耳(泰定帝)	万国鼎
zhihe	zh	致和	1328	1328	元	也孙铁木耳(泰定帝)	万国鼎
tianshun	ts	天顺	1328	1328	元	阿剌吉八(天顺帝)	万国鼎
yuantong	yt	元统	1333	1335	元	妥懽贴睦尔(顺帝)	万国鼎
zhiyuan	zy	至元	1335	1340	元	妥懽贴睦尔(顺帝)	万国鼎
zhizheng	zz	至正	1341	1370	元	妥懽贴睦尔(顺帝)	万国鼎
hongwu	hw	洪武	1368	1398	明	朱元璋(太祖)	万国鼎
jianwen	jw	建文	1399	1402	明	朱允炆(惠帝)	万国鼎
yongle	yl	永乐	1403	1424	明	朱 棣(成祖)	万国鼎
hongxi	hx	洪熙	1425	1425	明	朱高炽(仁宗)	万国鼎
xuande	xd	宣德	1426	1435	明	朱瞻基(宣宗)	万国鼎
zhengtong	zt	正统	1436	1449	明	朱祁镇(英宗)	万国鼎
jingtai	jt	景泰	1450	1456	明	朱祁钰(代宗)	万国鼎
tianshun	ts	天顺	1457	1464	明	朱祁镇(英宗)	万国鼎
chenghua	ch	成化	1465	1487	明	朱见深(宪宗)	万国鼎
hongzhi	hz	弘治	1488	1505	明	朱祐樘(孝宗)	万国鼎
zhengde	zd	正德	1506	1521	明	朱厚照(武宗)	万国鼎
jiajing	jj	嘉靖	1522	1566	明	朱厚熜(世宗)	万国鼎
longqing	lq	隆庆	1567	1572	明	朱载垕(穆宗)	万国鼎
wanli	wl	万历	1573	1620	明	朱翊钧(神宗)	万国鼎
taichang	tc	泰昌	1620	1620	明	朱常洛(光宗)	万国鼎
tianqi	tq	天启	1621	1627	明	朱由校(熹宗)	万国鼎
chongzhen	cz	崇祯	1628	1644	明	朱由检(思宗)	万国鼎
hongguang	hg	弘光	1645	1645	南明	朱由崧	万国鼎
longwu	lw	隆武	1645	1646	南明	朱聿键	万国鼎
yongli	yl	永历	1647	1683	南明	朱由榔	万国鼎
tianming	tm	天命	1616	1626	后金	努尔哈赤(太祖)	万国鼎
tiancong	tc	天聪	1627	1636	后金	皇太极(太宗)	万国鼎
chongde	cd	崇德	1636	1643	清	皇太极(太宗)	万国鼎
shunzhi	sz	顺治	1644	1661	清	福临(世祖)	万国鼎
kangxi	kx	康熙	1662	1722	清	玄烨(圣祖)	万国鼎
yongzheng	yz	雍正	1723	1735	清	胤禛(世宗)	万国鼎
qianlong	ql	乾隆	1736	1795	清	弘历(高宗)	万国鼎
jiaqing	jq	嘉庆	1796	1820	清	颙琰(仁宗)	万国鼎
daoguang	dg	道光	1821	1850	清	旻宁(宣宗)	万国鼎
xianfeng	xf	咸丰	1851	1861	清	奕𬣞(文宗)	万国鼎
tongzhi	tz	同治	1862	1874	清	载淳(穆宗)	万国鼎
guangxu	gx	光绪	1875	1908	清	载湉(德宗)	万国鼎
xuantong	xt	宣统	1909	1911	清	溥仪	万国鼎
jiaping	jp	嘉平	311	315	前赵	刘聪	明正朔
yuheng	yh	玉衡	311	334	成汉	李雄	明正朔
yuanxi	yx	元玺	352	357	前燕	慕容儁	明正朔
guangshi	gs	光始	401	406	后燕	慕容熙	明正朔
yongkang	yk	永康	412	419	西秦	乞伏炽磐	明正朔
shending	sd	神鼎	401	403	后凉	吕隆	明正朔
taichu	tc	太初	397	399	南凉	秃发乌孤	明正朔
jianping	jp	建平	400	405	南燕	慕容德	明正朔
gengzi	gz	庚子	400	404	西凉	李暠	明正朔
zhenxing	zx	真兴	419	425	夏	赫连勃勃	明正朔
taiping	tp	太平	409	430	北燕	冯跋	明正朔
jianwu	jw	建武	335	348	后赵	石虎	明正朔
jianyuan	jy	建元	365	385	前秦	苻坚	明正朔
huangtai	ht	皇泰	618	619	隋		明正朔
jiushi	js	久视	700	701	武周		明正朔
shengyuan	sy	升元	937	943	南唐		明正朔
baoda	bd	保大	943	958	南唐		明正朔
zhongxing	zx	中兴	958	958	南唐		明正朔
jiaotai	jt	交泰	958	958	南唐		明正朔
